user_id,last_login_days_ago,num_purchases,avg_purchase_value,churned
1,51,2,68.19,1
2,92,5,34.47,0
3,14,5,44.57,1
4,71,4,76.07,1
5,60,7,94.41,1
6,20,11,57.63,0
7,82,6,10.9,0
8,86,5,40.46,0
9,74,1,45.88,0
10,74,4,40.53,1
11,87,4,49.26,1
12,99,8,66.94,0
13,23,3,20.9,1
14,2,8,34.54,0
15,21,7,55.69,0
16,52,3,38.4,1
17,1,5,99.2,0
18,87,3,48.83,1
19,29,6,88.28,0
20,37,4,90.69,1
21,1,6,85.24,0
22,63,7,14.22,1
23,59,3,95.3,1
24,20,3,21.59,1
25,32,5,13.1,0
26,75,1,47.29,1
27,57,6,27.52,1
28,21,4,26.58,1
29,88,3,35.9,0
30,48,5,32.36,0
31,90,7,71.63,0
32,58,7,26.81,0
33,41,5,58.88,1
34,91,9,98.78,1
35,59,7,48.91,0
36,79,2,67.77,1
37,14,10,97.24,1
38,61,4,22.39,0
39,61,7,47.67,0
40,46,5,86.52,1
41,61,7,93.91,0
42,50,8,64.11,0
43,54,5,22.91,1
44,63,4,91.13,0
45,2,6,25.7,0
46,50,10,41.76,0
47,6,4,43.8,0
48,20,4,50.26,0
49,72,3,81.11,1
50,38,5,82.19,0
51,17,2,74.77,1
52,3,8,11.99,0
53,88,6,60.84,1
54,59,6,77.27,1
55,13,4,50.02,0
56,8,6,95.04,0
57,89,3,84.14,1
58,52,4,67.43,1
59,1,4,15.62,1
60,83,5,68.71,1
61,91,2,92.04,0
62,59,3,44.15,1
63,70,7,85.43,1
64,43,8,38.18,0
65,7,5,61.31,1
66,46,1,68.36,0
67,34,7,71.02,0
68,77,7,89.43,1
69,80,3,31.12,0
70,35,7,33.61,0
71,49,2,73.36,1
72,3,4,25.95,0
73,1,5,51.78,0
74,5,6,11.8,0
75,53,3,22.69,1
76,3,8,71.1,0
77,53,4,77.27,0
78,92,7,20.38,1
79,62,2,30.49,1
80,17,5,18.9,0
81,89,7,49.01,0
82,43,5,21.35,0
83,33,3,49.36,0
84,73,7,75.89,0
85,61,4,71.5,0
86,99,4,35.24,0
87,13,3,70.64,0
88,94,8,93.49,0
89,47,5,41.28,1
90,14,3,39.62,1
91,71,5,61.43,0
92,77,3,32.1,1
93,86,4,68.64,1
94,61,2,84.9,0
95,39,4,51.34,0
96,84,3,71.16,0
97,79,7,68.67,0
98,81,4,13.48,0
99,52,5,26.51,1
100,23,4,90.42,0
101,25,5,94.5,1
102,88,4,80.24,1
103,59,6,92.91,0
104,40,9,37.55,0
105,28,3,32.29,0
106,14,8,44.59,0
107,44,5,14.98,1
108,64,1,82.89,1
109,88,3,98.58,1
110,70,5,84.16,1
111,8,4,59.95,0
112,87,6,36.58,1
113,0,5,27.79,1
114,7,5,42.77,0
115,87,4,70.03,1
116,62,9,50.24,0
117,10,6,94.07,0
118,80,7,86.88,0
119,7,3,19.22,1
120,34,2,21.84,0
121,34,3,70.86,0
122,32,2,30.77,0
123,4,7,81.19,0
124,40,2,63.22,0
125,27,5,30.68,0
126,6,5,53.08,0
127,72,7,46.55,1
128,71,5,88.58,1
129,11,6,12.89,1
130,33,7,90.63,1
131,32,3,68.69,0
132,47,6,76.38,1
133,22,8,10.23,0
134,61,3,66.54,1
135,87,6,62.96,1
136,36,5,58.35,0
137,98,3,80.73,0
138,43,4,60.03,0
139,85,6,87.14,1
140,90,6,30.94,0
141,34,7,82.54,0
142,64,6,26.14,1
143,98,5,83.18,0
144,46,2,94.64,0
145,77,5,40.21,0
146,2,9,57.69,0
147,0,3,69.25,1
148,4,9,17.15,1
149,89,2,54.47,1
150,13,1,42.45,1
151,26,4,88.52,1
152,8,3,88.9,1
153,78,4,73.07,1
154,14,5,69.02,0
155,89,1,76.03,0
156,41,3,42.94,0
157,76,5,46.41,1
158,50,3,59.83,0
159,62,12,94.42,0
160,95,2,75.16,1
161,51,3,59.59,0
162,95,4,79.34,1
163,3,9,43.38,1
164,93,5,75.74,1
165,22,3,46.96,0
166,14,3,35.17,0
167,42,4,64.88,0
168,28,4,71.82,1
169,35,7,51.34,1
170,12,6,60.9,0
171,31,3,72.47,0
172,70,6,79.09,1
173,58,6,90.6,0
174,85,4,41.91,1
175,27,7,95.63,0
176,65,4,67.36,0
177,41,7,80.89,0
178,44,3,72.98,0
179,61,4,28.5,1
180,56,7,16.43,0
181,5,8,75.37,0
182,27,2,55.99,0
183,27,9,73.2,0
184,43,6,52.92,0
185,83,4,38.1,1
186,29,7,35.65,1
187,61,2,75.75,1
188,74,2,34.91,1
189,91,3,74.32,1
190,88,5,44.56,0
191,61,7,79.38,0
192,96,4,22.85,1
193,0,4,28.45,1
194,26,5,71.73,1
195,61,5,60.42,0
196,76,4,28.35,1
197,2,5,91.25,1
198,69,6,34.83,1
199,71,5,47.9,0
200,26,7,28.21,0
201,8,8,44.92,0
202,61,4,54.25,1
203,36,5,36.57,1
204,96,6,79.22,0
205,50,9,45.45,0
206,43,6,75.66,1
207,23,0,28.64,0
208,78,4,43.93,0
209,58,2,10.73,0
210,31,6,78.28,0
211,95,9,66.33,0
212,87,0,83.6,0
213,51,3,51.0,1
214,61,0,81.98,1
215,57,8,68.28,0
216,51,2,10.33,0
217,11,4,32.83,0
218,38,4,54.45,0
219,1,5,65.68,0
220,2,4,15.9,1
221,55,3,73.46,0
222,80,2,58.92,1
223,58,8,57.32,0
224,1,4,36.28,1
225,1,5,63.53,0
226,91,5,12.47,0
227,53,7,15.82,0
228,86,5,76.05,0
229,95,8,38.97,0
230,96,5,41.23,0
231,0,4,28.75,1
232,18,6,50.11,0
233,1,5,14.68,0
234,52,1,37.03,0
235,43,7,57.44,1
236,89,4,51.91,1
237,31,4,99.97,0
238,69,4,44.99,0
239,31,6,44.83,0
240,67,6,55.32,0
241,54,4,27.13,0
242,74,5,88.87,0
243,55,4,61.5,0
244,16,4,27.29,1
245,37,8,81.41,0
246,23,4,13.09,0
247,68,7,98.43,0
248,97,7,87.86,0
249,69,9,62.17,0
250,85,6,20.02,1
251,10,5,29.37,0
252,15,10,35.15,0
253,96,8,31.69,1
254,72,5,54.78,0
255,58,6,95.01,0
256,69,1,49.98,0
257,79,10,69.54,0
258,92,10,71.97,1
259,2,3,88.44,0
260,19,6,13.04,0
261,58,8,46.39,0
262,35,1,80.63,0
263,18,7,83.34,0
264,89,6,93.46,0
265,66,5,73.25,1
266,18,5,32.06,0
267,19,8,55.51,0
268,95,2,12.91,1
269,70,5,68.22,1
270,51,5,59.89,0
271,32,3,70.02,1
272,39,5,93.71,0
273,38,4,71.85,0
274,81,3,38.84,0
275,0,8,27.89,1
276,10,4,86.92,0
277,91,4,27.49,1
278,56,2,24.54,0
279,88,5,28.6,1
280,49,6,55.8,1
281,22,4,21.18,0
282,30,4,94.43,0
283,93,1,96.96,0
284,41,3,97.64,0
285,98,5,13.52,0
286,6,4,95.16,1
287,15,5,99.77,0
288,89,7,94.82,0
289,59,8,70.38,1
290,1,4,73.11,1
291,0,6,21.0,0
292,47,2,88.69,0
293,11,7,15.37,0
294,68,3,38.6,0
295,36,9,99.2,1
296,31,3,48.01,1
297,8,5,21.8,1
298,98,3,97.24,1
299,18,7,98.57,0
300,47,3,26.83,1
301,79,6,87.83,0
302,2,6,45.14,0
303,19,3,44.32,1
304,23,2,33.64,1
305,53,4,14.02,1
306,32,8,34.12,1
307,23,5,14.84,1
308,74,10,93.19,0
309,71,4,69.55,1
310,35,1,89.8,0
311,37,4,74.56,1
312,83,7,21.82,0
313,98,7,94.65,1
314,88,6,90.99,0
315,98,7,41.33,1
316,24,7,20.04,0
317,92,2,73.37,0
318,17,2,75.55,1
319,81,9,90.71,0
320,65,1,14.74,0
321,53,5,22.75,1
322,34,7,63.84,0
323,79,3,65.72,0
324,60,8,13.02,1
325,40,6,45.72,0
326,99,7,62.57,1
327,32,5,76.41,0
328,67,3,38.45,1
329,32,9,53.55,1
330,13,5,83.26,0
331,20,8,95.85,0
332,47,12,30.73,0
333,19,5,32.77,1
334,7,6,94.58,0
335,6,2,45.63,1
336,66,2,74.65,1
337,16,8,65.1,1
338,32,3,35.7,0
339,47,5,68.82,1
340,75,3,69.0,0
341,58,5,63.32,0
342,85,3,18.97,1
343,21,4,99.57,0
344,29,5,46.04,0
345,37,6,67.44,0
346,50,6,89.72,1
347,53,8,48.1,0
348,7,7,79.65,0
349,26,6,97.46,1
350,26,8,42.3,1
351,97,9,46.47,1
352,20,6,91.5,0
353,29,7,24.37,0
354,96,8,12.57,1
355,27,2,91.8,0
356,63,3,83.94,0
357,96,2,97.53,1
358,68,4,15.24,1
359,60,7,24.06,1
360,47,7,19.48,0
361,18,9,71.51,0
362,3,6,64.54,0
363,34,2,42.34,1
364,63,4,15.17,0
365,48,9,67.57,0
366,16,3,61.31,1
367,43,3,20.16,1
368,91,9,91.8,0
369,29,3,27.91,0
370,92,7,76.92,1
371,45,7,89.66,1
372,5,3,62.15,0
373,98,4,32.22,1
374,36,1,37.83,1
375,23,3,89.72,1
376,92,5,36.84,0
377,45,5,77.16,1
378,52,6,99.11,0
379,94,1,99.98,0
380,98,6,58.01,0
381,59,6,84.39,0
382,96,1,99.12,1
383,62,3,43.72,1
384,84,6,32.72,1
385,31,8,20.28,0
386,86,8,22.68,1
387,32,8,86.82,1
388,66,8,62.99,0
389,17,2,88.63,1
390,24,6,81.05,0
391,94,4,70.64,0
392,53,8,64.84,0
393,57,11,14.35,1
394,66,2,88.5,0
395,45,5,47.61,0
396,23,10,60.38,1
397,31,4,11.98,0
398,46,8,94.25,0
399,85,4,91.25,0
400,22,3,58.9,1
401,65,6,61.96,0
402,26,7,73.45,0
403,1,4,33.82,0
404,89,7,29.97,1
405,16,4,70.66,1
406,32,3,19.4,0
407,8,4,50.87,1
408,42,6,54.35,0
409,47,6,44.32,0
410,38,8,26.67,0
411,92,7,41.98,0
412,41,2,40.38,0
413,25,6,54.93,0
414,98,4,70.72,1
415,49,2,97.14,0
416,24,9,22.97,0
417,23,5,88.57,1
418,12,3,35.58,1
419,59,2,63.22,1
420,6,6,59.21,0
421,56,3,60.13,0
422,35,6,75.1,1
423,44,5,44.35,1
424,19,2,38.72,0
425,64,7,86.76,0
426,7,6,29.81,0
427,15,5,26.22,0
428,13,8,11.4,1
429,75,3,28.95,1
430,86,5,56.67,0
431,14,5,58.47,0
432,91,4,32.9,1
433,97,3,16.5,1
434,65,3,77.02,0
435,31,5,78.22,1
436,86,5,99.81,0
437,62,6,91.0,0
438,85,6,93.35,1
439,50,6,81.84,0
440,24,6,65.4,0
441,57,7,21.57,1
442,62,2,66.01,1
443,61,5,15.04,1
444,21,3,89.68,1
445,57,1,53.36,1
446,57,8,72.77,0
447,85,0,14.7,1
448,48,4,58.08,0
449,51,3,37.11,0
450,41,3,35.65,0
451,69,2,45.07,0
452,14,3,10.06,0
453,53,8,52.0,0
454,59,6,53.79,1
455,96,4,87.68,0
456,7,6,50.37,1
457,52,5,42.72,0
458,59,1,99.53,1
459,4,3,61.41,0
460,67,3,52.54,0
461,5,3,54.63,0
462,95,9,82.83,0
463,93,2,40.66,1
464,46,3,45.02,0
465,98,5,78.03,1
466,54,4,16.57,0
467,39,3,87.87,0
468,51,3,48.72,1
469,15,0,62.32,0
470,12,2,78.17,1
471,29,7,33.94,0
472,18,4,90.13,1
473,16,3,98.13,0
474,62,11,54.48,0
475,18,2,94.32,1
476,91,6,10.1,1
477,57,11,90.48,0
478,54,3,37.99,0
479,89,5,38.03,0
480,89,6,30.53,1
481,61,4,38.53,1
482,22,3,29.21,1
483,8,10,91.53,0
484,11,2,90.91,1
485,0,4,19.2,1
486,57,7,22.86,1
487,0,6,87.58,0
488,33,7,45.9,1
489,95,5,25.23,1
490,47,7,55.96,1
491,88,1,47.5,1
492,0,6,29.72,1
493,15,5,74.87,0
494,60,15,66.82,0
495,63,6,18.97,1
496,62,3,93.28,0
497,68,2,60.26,1
498,21,5,32.52,0
499,92,7,28.57,1
500,66,3,22.24,0
501,75,3,48.22,0
502,25,4,22.2,0
503,15,2,47.42,1
504,50,3,23.39,0
505,85,5,69.11,1
506,56,7,80.67,0
507,28,5,59.46,0
508,77,7,71.21,1
509,91,2,94.45,0
510,68,6,67.45,1
511,46,4,42.77,0
512,93,2,50.45,0
513,61,6,87.45,0
514,68,3,21.76,1
515,75,3,39.32,1
516,15,4,61.96,0
517,89,4,70.88,0
518,89,5,78.71,0
519,47,4,38.64,1
520,84,6,23.13,1
521,38,4,95.94,1
522,99,7,16.88,0
523,32,9,18.62,0
524,93,3,54.54,0
525,22,4,83.73,1
526,9,3,79.71,0
527,68,4,94.39,1
528,99,5,22.74,0
529,33,2,43.82,1
530,51,5,35.39,1
531,94,10,87.48,0
532,9,5,53.95,0
533,18,5,12.42,1
534,57,7,73.72,0
535,95,5,44.98,1
536,0,7,57.8,1
537,68,3,90.44,0
538,3,3,33.11,1
539,15,6,31.62,1
540,23,4,33.69,0
541,79,4,40.43,1
542,1,2,19.66,0
543,91,2,72.75,1
544,31,3,28.67,1
545,90,4,93.35,0
546,83,6,29.41,1
547,23,4,33.01,1
548,11,5,36.73,1
549,49,4,79.17,0
550,34,5,48.48,1
551,32,8,83.74,0
552,32,4,80.64,1
553,60,2,93.65,0
554,50,2,78.09,0
555,42,3,14.67,0
556,11,6,85.36,0
557,66,4,94.43,0
558,64,3,99.43,1
559,32,4,21.27,1
560,39,3,65.19,0
561,73,8,27.95,0
562,42,4,33.63,1
563,43,8,77.1,1
564,28,4,97.99,0
565,12,4,63.54,0
566,11,1,86.55,0
567,94,3,10.8,0
568,45,8,13.3,0
569,1,6,63.71,0
570,34,6,45.01,0
571,86,9,90.08,1
572,80,4,37.18,0
573,89,3,48.88,1
574,7,8,57.51,0
575,92,3,34.57,1
576,25,2,91.76,1
577,73,2,51.81,1
578,89,7,48.17,0
579,33,5,86.48,1
580,6,6,38.08,1
581,67,5,83.57,1
582,57,9,21.0,0
583,74,4,26.45,0
584,28,5,95.58,0
585,35,7,85.82,0
586,88,3,44.91,1
587,20,8,67.46,0
588,35,5,94.87,1
589,9,5,29.07,0
590,72,2,15.31,0
591,23,8,58.37,1
592,63,9,22.83,1
593,98,3,26.86,0
594,48,4,90.24,0
595,98,4,10.67,1
596,35,4,83.51,1
597,81,9,56.53,0
598,95,5,60.34,1
599,23,6,70.46,0
600,22,7,48.83,1
601,61,11,20.41,1
602,95,10,19.25,1
603,36,7,77.89,0
604,11,4,29.89,1
605,54,5,12.53,1
606,12,4,98.17,0
607,22,5,98.24,0
608,88,6,44.03,0
609,98,6,12.3,1
610,29,0,75.45,0
611,16,4,84.79,0
612,61,4,21.25,1
613,83,7,22.19,1
614,88,9,84.0,0
615,85,3,92.97,0
616,12,3,81.17,0
617,58,4,28.07,1
618,18,3,47.04,0
619,48,5,64.08,0
620,99,7,24.43,1
621,11,2,28.95,0
622,60,8,35.46,0
623,18,5,55.86,1
624,75,6,55.97,0
625,8,4,83.29,1
626,70,5,77.77,0
627,27,9,92.24,0
628,77,3,84.96,0
629,94,4,32.85,1
630,51,5,39.82,0
631,82,4,55.04,0
632,15,3,11.28,0
633,68,9,91.35,0
634,98,4,13.99,1
635,11,5,39.02,1
636,24,4,61.23,1
637,51,5,56.61,0
638,84,5,68.9,1
639,99,9,57.48,0
640,52,5,30.61,0
641,22,8,28.1,0
642,15,5,91.65,0
643,56,2,33.76,1
644,38,3,35.29,1
645,52,2,47.17,0
646,41,5,22.55,1
647,57,3,55.65,0
648,38,3,69.85,0
649,13,6,80.74,0
650,94,6,74.03,1
651,4,6,23.29,0
652,34,5,51.05,0
653,86,4,13.47,1
654,92,2,11.6,1
655,74,6,49.61,1
656,17,5,32.77,0
657,75,4,71.5,0
658,8,4,75.18,0
659,73,4,90.59,1
660,57,7,78.46,1
661,16,4,14.34,0
662,6,5,43.45,0
663,45,4,34.57,1
664,12,3,44.75,0
665,39,6,24.41,0
666,41,7,18.79,1
667,8,8,56.89,0
668,49,3,74.83,1
669,26,3,73.17,0
670,65,6,50.58,0
671,4,3,57.01,0
672,28,3,56.47,1
673,36,3,72.24,0
674,37,4,14.31,1
675,82,4,73.89,0
676,7,1,62.4,0
677,64,5,27.83,1
678,85,10,14.42,1
679,16,4,19.77,1
680,70,9,57.22,0
681,88,2,78.26,1
682,44,5,40.12,0
683,3,9,44.12,0
684,35,8,94.07,0
685,69,2,29.17,0
686,30,3,19.34,0
687,18,3,40.91,0
688,60,4,77.13,0
689,53,2,66.35,1
690,38,6,47.42,0
691,90,2,96.83,1
692,73,6,76.15,1
693,89,5,15.57,1
694,18,6,77.02,1
695,38,4,12.16,1
696,66,3,68.53,1
697,44,3,28.94,1
698,12,2,72.68,0
699,91,7,37.88,1
700,57,3,88.57,0
701,19,7,40.32,1
702,91,3,65.77,1
703,71,4,35.73,0
704,60,4,92.55,1
705,38,6,80.29,1
706,0,4,31.9,1
707,2,2,95.39,0
708,76,5,42.14,1
709,91,5,68.67,1
710,61,4,76.86,0
711,62,6,12.06,1
712,24,5,96.31,0
713,55,2,41.0,0
714,32,4,27.08,1
715,37,4,86.56,0
716,5,6,73.26,0
717,57,6,17.81,1
718,43,6,20.53,0
719,44,5,74.37,0
720,31,6,16.73,1
721,44,4,92.55,0
722,60,8,76.74,0
723,46,6,40.19,0
724,20,2,42.66,1
725,79,5,55.58,0
726,84,5,42.49,0
727,74,9,80.51,0
728,35,7,97.73,0
729,98,3,62.61,1
730,18,9,50.14,0
731,19,6,30.05,1
732,56,3,68.81,0
733,17,8,71.7,0
734,46,4,71.67,1
735,48,7,12.43,0
736,13,10,90.92,0
737,14,6,40.43,0
738,30,6,76.97,0
739,0,3,78.38,0
740,53,4,68.55,1
741,2,2,45.54,0
742,15,6,64.75,0
743,86,6,13.62,1
744,56,5,78.57,1
745,74,5,18.96,0
746,11,5,45.71,0
747,73,5,19.33,1
748,95,5,85.34,0
749,15,2,59.53,1
750,71,3,72.19,0
751,75,1,71.43,1
752,23,3,85.74,0
753,27,3,21.93,1
754,7,5,69.38,0
755,91,6,61.76,1
756,35,5,12.78,0
757,89,4,28.13,1
758,7,5,34.08,1
759,57,6,16.53,0
760,59,3,41.92,1
761,49,1,12.45,0
762,27,3,59.79,0
763,91,5,29.04,0
764,40,5,35.83,1
765,99,4,91.94,0
766,63,3,55.25,0
767,26,5,34.21,0
768,62,4,63.86,1
769,16,5,28.15,0
770,72,9,16.7,1
771,32,3,11.88,1
772,83,6,95.64,0
773,76,3,75.21,0
774,91,8,82.0,0
775,28,5,98.28,1
776,12,5,93.85,0
777,45,3,76.32,1
778,34,5,72.46,0
779,5,2,40.32,0
780,81,4,19.36,1
781,68,8,61.64,0
782,46,4,61.86,1
783,24,6,95.7,0
784,65,8,49.83,0
785,9,2,72.17,1
786,55,3,61.75,0
787,29,7,25.91,0
788,4,4,63.29,0
789,32,8,58.61,0
790,64,4,54.45,0
791,17,4,56.21,1
792,95,4,24.76,1
793,48,6,51.71,0
794,10,7,64.51,0
795,84,2,54.05,1
796,25,5,53.98,1
797,62,5,16.98,1
798,88,5,27.17,1
799,85,4,38.89,0
800,58,6,47.74,1
801,26,4,63.45,1
802,48,5,87.7,1
803,76,4,24.32,1
804,32,3,11.36,1
805,97,3,50.43,1
806,98,4,48.89,1
807,0,3,59.67,0
808,20,7,84.99,0
809,54,7,82.21,1
810,5,6,19.0,0
811,91,5,94.06,0
812,80,4,19.94,0
813,68,4,67.11,0
814,94,7,70.52,0
815,4,6,71.19,1
816,2,3,33.88,1
817,52,4,39.73,0
818,22,4,59.38,1
819,52,4,27.96,1
820,36,7,11.83,1
821,73,6,60.59,0
822,73,7,51.88,0
823,82,3,69.11,0
824,16,5,23.2,0
825,84,5,85.68,1
826,77,4,23.16,1
827,72,5,90.22,1
828,0,2,50.46,1
829,50,6,59.48,0
830,44,2,90.69,0
831,76,3,36.99,0
832,3,3,26.36,1
833,61,5,50.12,0
834,64,0,31.99,1
835,31,9,57.51,0
836,33,4,34.77,0
837,91,2,87.8,1
838,94,5,64.66,0
839,71,3,10.02,0
840,38,2,82.49,0
841,25,5,39.72,0
842,33,5,38.82,1
843,53,3,44.48,1
844,2,4,66.72,1
845,49,2,49.79,1
846,11,9,66.58,0
847,64,13,23.21,0
848,53,4,97.31,1
849,4,3,75.66,1
850,93,9,32.52,1
851,93,2,75.18,1
852,56,4,61.75,0
853,16,7,19.83,1
854,46,3,26.04,0
855,22,4,13.72,1
856,78,7,82.83,1
857,84,3,59.65,0
858,13,8,38.51,0
859,65,6,21.37,1
860,74,6,53.56,1
861,50,8,57.27,0
862,37,3,73.18,0
863,63,6,97.29,0
864,97,5,49.15,1
865,37,8,46.54,0
866,49,10,43.29,0
867,97,2,84.42,1
868,81,4,24.07,1
869,29,6,40.94,0
870,78,4,75.25,0
871,90,6,11.41,1
872,50,4,36.04,1
873,62,7,67.73,1
874,97,5,26.74,0
875,51,1,37.24,0
876,37,4,53.74,0
877,96,12,47.98,0
878,87,10,19.54,0
879,78,4,94.44,0
880,29,3,13.99,0
881,50,6,77.48,0
882,80,6,16.43,0
883,4,5,52.06,0
884,28,2,25.79,0
885,3,9,22.7,1
886,9,6,21.33,1
887,55,4,50.75,0
888,16,6,56.39,1
889,73,8,22.0,1
890,16,2,98.15,1
891,83,2,33.2,1
892,87,6,51.3,1
893,68,6,29.46,0
894,33,4,54.45,0
895,5,9,78.04,0
896,52,3,56.9,1
897,65,5,35.71,1
898,76,8,32.36,0
899,42,5,78.3,0
900,74,5,20.64,1
901,22,7,43.3,1
902,54,4,23.63,1
903,79,6,33.22,1
904,94,5,23.74,1
905,74,6,89.81,1
906,15,5,75.87,0
907,7,5,60.48,0
908,3,4,30.2,0
909,3,4,55.92,0
910,55,5,56.87,0
911,24,3,63.14,1
912,66,5,15.41,0
913,95,7,97.56,0
914,66,3,51.89,0
915,26,0,93.39,1
916,92,5,10.88,1
917,31,4,32.28,0
918,49,1,19.36,0
919,60,5,79.27,1
920,50,5,38.81,0
921,18,3,85.64,0
922,20,1,84.91,0
923,4,5,70.1,0
924,81,11,69.92,1
925,91,5,73.01,0
926,41,5,70.64,1
927,60,7,44.82,0
928,21,4,71.45,0
929,20,1,90.77,0
930,69,5,39.93,0
931,0,7,95.04,0
932,4,3,11.22,0
933,11,3,41.42,0
934,89,9,21.89,0
935,45,1,21.4,1
936,33,6,83.39,0
937,48,6,92.65,0
938,77,5,80.0,0
939,89,4,97.9,1
940,44,7,29.47,1
941,26,7,22.67,1
942,72,6,56.86,1
943,25,5,84.61,1
944,46,3,13.59,1
945,85,5,99.6,0
946,55,3,64.2,0
947,93,1,98.1,1
948,62,2,42.86,0
949,47,6,51.22,1
950,60,4,77.71,1
951,80,9,81.34,0
952,25,4,30.97,0
953,35,6,93.68,0
954,0,8,88.07,0
955,7,5,11.64,0
956,98,3,21.57,1
957,51,4,54.65,0
958,78,3,51.49,0
959,46,6,73.76,1
960,55,6,18.07,0
961,85,9,68.04,1
962,13,5,65.47,0
963,89,5,31.03,1
964,27,3,58.82,0
965,86,8,30.0,0
966,77,6,23.22,0
967,87,5,61.58,1
968,1,1,97.97,0
969,25,3,31.32,1
970,13,2,41.98,0
971,58,7,33.09,1
972,55,2,33.98,1
973,6,2,46.38,0
974,2,8,73.17,0
975,22,3,13.49,1
976,17,6,96.14,0
977,37,6,14.17,0
978,98,2,89.31,0
979,14,5,90.49,0
980,63,2,57.2,1
981,88,2,22.33,1
982,27,5,60.86,0
983,73,4,66.58,1
984,38,3,87.2,1
985,56,5,59.58,1
986,16,8,46.96,0
987,85,7,85.45,1
988,89,5,98.29,0
989,43,6,68.06,0
990,24,3,88.69,0
991,16,5,63.89,1
992,12,8,72.08,0
993,83,5,71.94,1
994,24,6,73.43,1
995,67,5,38.89,0
996,9,5,61.81,1
997,66,7,63.47,1
998,17,5,38.36,0
999,99,4,41.49,0
1000,85,7,78.6,0
1001,33,6,62.45,0
1002,7,9,23.43,1
1003,39,4,85.39,1
1004,82,1,89.48,0
1005,41,8,51.95,1
1006,40,5,28.8,1
1007,5,6,95.28,0
1008,51,5,89.4,1
1009,25,6,31.99,1
1010,63,8,18.6,1
1011,97,2,49.66,1
1012,58,4,70.88,0
1013,55,1,25.78,0
1014,58,6,56.19,0
1015,69,8,48.29,1
1016,32,7,90.15,0
1017,52,6,48.66,0
1018,21,4,58.04,1
1019,20,3,95.98,0
1020,69,6,36.97,0
1021,69,6,36.01,1
1022,3,3,81.96,0
1023,93,1,34.98,1
1024,74,8,84.87,1
1025,61,2,18.6,1
1026,61,5,20.01,0
1027,93,4,91.12,0
1028,94,6,58.67,0
1029,23,4,74.69,0
1030,54,5,30.28,1
1031,8,5,24.96,0
1032,2,6,85.15,0
1033,30,3,42.28,0
1034,39,5,50.95,1
1035,35,5,12.52,1
1036,23,4,44.73,0
1037,94,4,79.34,0
1038,5,4,83.91,1
1039,65,4,72.89,0
1040,83,6,72.3,1
1041,91,6,55.56,1
1042,74,6,58.45,1
1043,3,7,76.84,1
1044,78,5,32.26,1
1045,5,8,30.84,0
1046,93,4,95.49,0
1047,50,5,12.49,0
1048,61,1,22.55,0
1049,56,7,61.33,0
1050,65,5,76.41,1
1051,78,9,58.41,1
1052,74,5,41.96,0
1053,7,8,98.02,0
1054,25,9,73.35,0
1055,50,5,84.83,0
1056,44,9,13.62,1
1057,43,5,31.23,1
1058,4,6,43.68,1
1059,69,3,26.43,1
1060,25,5,16.56,1
1061,67,5,30.26,1
1062,18,8,58.03,0
1063,83,7,72.62,1
1064,96,8,79.66,1
1065,19,12,13.86,0
1066,11,2,48.52,1
1067,46,6,21.0,0
1068,0,4,48.81,0
1069,89,7,49.06,1
1070,13,4,54.84,1
1071,63,4,90.35,0
1072,37,3,82.46,0
1073,36,6,67.3,1
1074,10,6,89.69,0
1075,99,4,71.06,0
1076,76,7,83.7,1
1077,2,6,60.74,1
1078,32,6,57.27,0
1079,5,6,75.17,0
1080,49,2,11.77,0
1081,9,4,72.13,0
1082,4,2,94.11,0
1083,22,4,74.25,0
1084,9,4,13.31,0
1085,43,3,44.01,1
1086,1,5,82.86,1
1087,12,6,96.27,0
1088,39,4,43.31,0
1089,1,4,85.71,1
1090,83,2,87.74,1
1091,64,9,21.1,1
1092,62,9,86.12,0
1093,72,8,39.18,1
1094,16,6,63.39,1
1095,8,8,58.51,0
1096,74,4,69.67,1
1097,14,7,76.64,0
1098,23,6,49.68,1
1099,37,6,89.95,0
1100,34,7,82.85,0
1101,93,2,80.69,1
1102,94,7,51.24,0
1103,48,6,13.38,1
1104,68,6,54.3,0
1105,61,6,90.86,0
1106,59,5,27.14,1
1107,49,7,98.43,0
1108,77,5,82.69,0
1109,74,9,73.88,0
1110,8,6,70.94,1
1111,33,5,62.83,0
1112,75,3,74.86,0
1113,98,10,47.97,0
1114,34,3,86.08,0
1115,0,4,72.67,0
1116,39,4,79.41,1
1117,63,5,81.32,0
1118,21,8,18.29,1
1119,59,2,15.01,1
1120,63,12,82.09,0
1121,92,4,33.34,0
1122,71,2,62.38,1
1123,10,3,49.93,0
1124,13,1,11.98,0
1125,59,8,13.63,1
1126,29,8,84.44,1
1127,34,6,64.69,0
1128,84,3,57.15,1
1129,36,5,94.99,1
1130,4,5,25.58,1
1131,82,5,33.22,1
1132,77,3,78.11,0
1133,25,9,79.77,0
1134,61,6,46.44,0
1135,3,7,95.59,0
1136,88,5,94.44,0
1137,41,4,11.12,1
1138,88,4,25.51,0
1139,17,3,83.82,0
1140,39,11,40.17,0
1141,71,4,18.59,1
1142,38,6,80.65,1
1143,13,8,50.91,1
1144,31,4,54.32,0
1145,50,10,26.77,0
1146,37,4,69.48,0
1147,96,6,59.61,1
1148,22,6,28.6,0
1149,62,5,40.63,0
1150,14,4,63.72,1
1151,96,7,93.24,1
1152,24,3,92.83,0
1153,16,6,35.91,0
1154,96,5,76.21,0
1155,65,2,79.8,1
1156,77,5,82.79,0
1157,52,1,61.37,0
1158,50,3,10.95,1
1159,38,6,78.55,0
1160,50,6,19.59,0
1161,69,12,20.52,1
1162,5,3,64.51,0
1163,66,4,98.52,1
1164,6,3,31.83,0
1165,50,4,68.12,0
1166,71,0,37.33,0
1167,41,7,90.89,0
1168,63,7,63.42,0
1169,14,3,28.67,0
1170,28,4,33.59,1
1171,32,6,48.92,0
1172,93,4,20.98,1
1173,26,3,17.09,0
1174,35,4,71.21,0
1175,28,7,46.64,0
1176,37,5,75.36,0
1177,56,4,19.91,1
1178,96,11,64.89,1
1179,26,2,49.9,0
1180,54,4,15.22,1
1181,32,5,59.03,1
1182,67,4,17.45,0
1183,85,4,84.49,0
1184,65,1,66.88,1
1185,9,2,60.13,1
1186,4,9,22.01,1
1187,73,6,35.87,1
1188,96,7,54.36,1
1189,37,6,67.0,0
1190,12,4,26.49,1
1191,30,10,10.8,0
1192,46,3,41.03,0
1193,99,9,53.46,0
1194,87,0,26.6,0
1195,51,8,54.29,0
1196,55,7,40.46,1
1197,14,1,50.96,1
1198,28,3,41.27,0
1199,7,4,66.56,0
1200,4,4,13.86,0
1201,28,5,25.38,1
1202,46,8,48.95,1
1203,67,8,42.07,1
1204,75,4,45.25,1
1205,44,1,82.34,0
1206,1,7,89.77,0
1207,26,3,32.38,0
1208,94,2,85.28,0
1209,35,7,51.29,0
1210,35,2,34.64,0
1211,25,8,98.69,0
1212,42,6,84.23,0
1213,26,4,99.48,0
1214,68,6,25.14,1
1215,19,5,22.95,1
1216,10,3,55.3,0
1217,73,9,67.48,1
1218,37,5,25.4,0
1219,5,5,87.44,0
1220,71,6,57.88,0
1221,22,5,46.98,1
1222,46,4,64.18,1
1223,89,3,67.15,1
1224,45,2,13.85,1
1225,11,6,99.99,0
1226,89,3,42.75,0
1227,12,4,15.54,1
1228,61,6,86.71,0
1229,81,4,99.37,0
1230,88,7,83.47,1
1231,96,9,86.67,1
1232,59,10,66.33,0
1233,42,7,93.01,0
1234,75,6,13.22,0
1235,99,5,79.01,0
1236,67,4,70.36,0
1237,4,2,14.46,0
1238,36,3,58.96,1
1239,71,4,56.36,1
1240,91,10,72.24,0
1241,30,2,16.98,0
1242,8,1,82.48,0
1243,50,4,22.55,0
1244,28,9,47.68,0
1245,77,6,89.32,1
1246,39,10,60.45,0
1247,40,6,44.16,1
1248,85,4,14.34,1
1249,10,4,70.5,0
1250,22,9,98.79,0
1251,0,5,92.06,0
1252,45,4,74.56,0
1253,20,2,19.48,0
1254,89,5,31.55,1
1255,35,4,26.82,0
1256,53,5,41.99,1
1257,86,2,31.2,0
1258,56,6,32.0,0
1259,0,5,65.51,0
1260,62,4,38.68,0
1261,53,4,70.94,1
1262,54,2,95.31,1
1263,39,4,67.46,0
1264,14,6,77.65,0
1265,20,5,77.64,0
1266,46,7,39.76,0
1267,72,1,11.35,0
1268,52,2,14.95,1
1269,8,5,35.39,0
1270,73,6,72.06,1
1271,51,8,91.6,0
1272,56,5,96.29,1
1273,25,9,12.33,0
1274,40,1,99.11,0
1275,34,3,39.02,1
1276,62,5,85.87,0
1277,24,4,26.23,0
1278,89,2,15.66,1
1279,74,4,44.05,1
1280,37,2,87.3,1
1281,1,3,29.87,0
1282,6,9,23.86,0
1283,81,5,91.88,0
1284,90,2,94.45,1
1285,33,6,11.13,0
1286,90,6,75.47,0
1287,16,6,37.83,0
1288,42,4,43.72,0
1289,58,8,52.22,0
1290,50,5,48.41,1
1291,53,8,56.35,0
1292,23,9,62.41,0
1293,24,5,51.9,1
1294,70,6,73.14,1
1295,51,6,74.67,1
1296,69,6,49.63,0
1297,87,6,22.82,0
1298,32,2,67.66,1
1299,48,2,79.57,1
1300,28,6,67.43,0
1301,62,8,62.92,0
1302,21,6,30.65,1
1303,25,8,68.06,0
1304,27,5,40.14,0
1305,84,6,92.76,0
1306,48,8,68.83,0
1307,70,2,35.04,1
1308,80,8,52.56,0
1309,83,2,86.19,0
1310,48,8,40.19,0
1311,19,3,57.29,0
1312,85,9,71.17,1
1313,91,7,77.91,1
1314,62,7,25.65,0
1315,60,4,60.86,1
1316,48,8,92.1,0
1317,70,3,97.15,0
1318,0,5,69.05,0
1319,95,3,98.53,0
1320,12,4,61.37,1
1321,93,2,49.83,1
1322,86,2,59.64,1
1323,50,5,20.41,1
1324,55,9,46.15,0
1325,82,6,51.26,1
1326,61,5,86.38,1
1327,31,1,78.28,0
1328,29,6,64.13,0
1329,28,6,41.25,0
1330,48,3,26.83,1
1331,44,4,41.3,1
1332,92,4,71.18,0
1333,29,4,33.67,0
1334,15,5,48.42,0
1335,39,7,44.81,1
1336,18,7,78.9,0
1337,17,5,89.54,1
1338,0,13,72.94,0
1339,77,8,40.74,0
1340,46,2,48.99,1
1341,65,3,22.9,1
1342,91,5,25.13,0
1343,93,9,24.79,1
1344,37,7,21.75,0
1345,50,6,26.16,0
1346,62,7,28.24,1
1347,3,5,20.07,0
1348,0,6,67.62,0
1349,7,4,99.14,0
1350,28,3,89.13,0
1351,54,7,14.1,0
1352,2,6,48.08,0
1353,31,4,87.34,1
1354,9,5,22.12,1
1355,73,5,86.29,1
1356,82,3,63.34,0
1357,33,2,93.82,1
1358,96,1,88.84,0
1359,86,3,70.93,1
1360,54,2,69.2,1
1361,91,6,29.18,1
1362,31,4,20.51,1
1363,49,4,47.39,1
1364,6,7,26.79,0
1365,92,4,19.22,1
1366,7,3,37.21,0
1367,64,4,87.44,0
1368,56,4,11.54,1
1369,66,5,36.34,1
1370,87,6,48.16,1
1371,86,3,55.95,0
1372,58,4,26.34,1
1373,71,3,96.78,0
1374,53,2,62.1,0
1375,66,0,56.99,0
1376,50,5,10.79,1
1377,96,4,53.71,1
1378,91,7,85.39,1
1379,7,1,29.77,0
1380,33,3,41.61,0
1381,34,5,11.85,0
1382,95,5,97.92,1
1383,87,7,16.0,0
1384,77,2,90.84,0
1385,31,4,38.17,0
1386,45,4,62.88,1
1387,15,4,71.14,0
1388,67,6,22.67,1
1389,36,8,49.94,0
1390,53,6,39.29,1
1391,84,5,15.09,1
1392,13,3,84.99,0
1393,94,2,14.07,0
1394,54,7,68.79,0
1395,47,3,38.27,1
1396,81,6,27.29,1
1397,6,2,70.04,0
1398,73,7,61.71,0
1399,6,4,38.37,1
1400,32,9,56.17,0
1401,22,9,32.16,1
1402,84,3,87.73,1
1403,18,10,38.24,1
1404,18,8,32.06,1
1405,35,3,77.67,1
1406,28,6,11.58,1
1407,59,5,34.12,1
1408,81,4,43.79,1
1409,1,1,89.4,0
1410,0,3,95.54,0
1411,46,5,74.48,1
1412,68,5,54.33,0
1413,19,7,67.66,0
1414,10,2,47.26,0
1415,1,4,36.89,1
1416,66,4,95.56,1
1417,86,4,20.39,1
1418,11,8,41.18,0
1419,19,9,90.92,0
1420,4,6,75.08,0
1421,36,3,12.62,1
1422,37,5,12.08,1
1423,93,5,56.49,1
1424,8,4,53.58,0
1425,97,3,49.87,1
1426,52,2,37.21,0
1427,43,3,98.8,1
1428,98,3,34.48,1
1429,85,6,54.1,0
1430,23,6,46.44,0
1431,80,2,25.32,1
1432,73,2,28.24,1
1433,29,3,92.65,1
1434,58,10,87.25,0
1435,86,1,27.91,1
1436,95,4,88.81,0
1437,80,3,28.83,0
1438,80,8,66.39,1
1439,13,1,17.32,0
1440,8,8,89.23,0
1441,39,8,14.64,0
1442,65,5,59.94,1
1443,24,9,80.17,0
1444,72,5,20.52,1
1445,21,10,46.4,1
1446,3,9,13.78,0
1447,25,4,71.45,1
1448,57,5,37.67,1
1449,28,7,60.35,0
1450,97,8,93.95,0
1451,86,4,37.53,1
1452,36,2,14.38,0
1453,74,8,70.81,1
1454,69,7,80.82,0
1455,17,5,96.21,0
1456,84,9,24.2,0
1457,41,8,45.29,0
1458,99,6,85.97,1
1459,40,6,82.62,0
1460,37,5,66.23,0
1461,33,4,34.24,0
1462,16,9,35.56,0
1463,36,2,21.16,0
1464,24,8,92.97,0
1465,75,5,25.56,1
1466,86,4,61.56,1
1467,85,5,62.59,1
1468,84,3,43.26,1
1469,26,8,41.73,0
1470,56,7,70.17,0
1471,30,4,44.95,1
1472,5,2,32.96,0
1473,90,3,45.92,1
1474,39,2,82.69,0
1475,97,7,96.98,0
1476,11,5,67.24,1
1477,52,6,80.39,1
1478,70,2,57.95,0
1479,9,6,66.23,0
1480,44,3,98.93,1
1481,16,3,49.46,0
1482,25,3,15.96,0
1483,84,6,96.13,0
1484,91,5,81.38,0
1485,61,8,45.85,1
1486,45,4,98.42,0
1487,63,5,41.1,1
1488,1,5,43.49,0
1489,53,7,64.88,1
1490,64,6,34.69,1
1491,50,1,72.87,1
1492,52,2,23.76,1
1493,35,7,19.72,1
1494,25,9,58.14,0
1495,28,10,59.99,0
1496,20,7,19.6,1
1497,10,7,96.78,1
1498,39,2,61.6,0
1499,10,5,23.59,0
1500,35,5,38.03,0
1501,58,7,82.02,0
1502,38,5,57.09,1
1503,98,6,26.93,1
1504,53,4,19.26,0
1505,97,11,48.77,0
1506,54,5,40.37,1
1507,23,6,69.03,0
1508,21,3,93.27,0
1509,68,1,32.3,1
1510,55,5,86.97,1
1511,32,5,92.84,0
1512,35,5,91.18,0
1513,19,6,95.69,1
1514,82,1,85.79,0
1515,98,11,63.41,1
1516,80,1,46.89,1
1517,61,5,54.25,0
1518,97,6,88.54,1
1519,72,5,37.13,1
1520,25,5,24.33,0
1521,65,3,22.67,1
1522,72,5,84.43,1
1523,72,2,78.53,1
1524,39,7,54.79,1
1525,16,6,34.74,0
1526,0,5,70.99,1
1527,88,4,13.46,0
1528,60,4,61.14,0
1529,42,6,45.86,0
1530,41,11,98.01,0
1531,24,6,55.68,0
1532,38,4,59.7,1
1533,34,0,74.11,1
1534,2,5,53.61,0
1535,43,3,30.21,1
1536,50,2,58.36,0
1537,93,4,94.98,0
1538,97,5,46.89,1
1539,11,8,71.17,1
1540,18,2,98.02,1
1541,43,4,84.69,0
1542,58,9,69.31,0
1543,48,2,76.24,0
1544,60,5,94.28,1
1545,16,6,96.38,0
1546,73,6,97.21,0
1547,56,6,66.31,1
1548,54,5,44.62,0
1549,46,5,21.98,0
1550,11,5,44.7,0
1551,61,5,94.87,0
1552,79,2,90.08,1
1553,87,2,57.13,1
1554,82,7,58.33,1
1555,7,4,37.8,0
1556,94,5,50.91,0
1557,20,2,74.3,0
1558,80,4,46.22,1
1559,86,6,26.92,1
1560,79,3,58.68,0
1561,69,6,30.28,1
1562,71,3,97.69,0
1563,24,9,45.13,0
1564,81,0,91.87,1
1565,88,2,30.3,1
1566,11,3,27.03,1
1567,14,9,65.52,0
1568,58,4,80.14,1
1569,25,7,61.01,0
1570,25,6,30.68,0
1571,46,9,13.41,1
1572,31,4,65.65,0
1573,9,7,21.79,0
1574,15,3,40.89,0
1575,70,5,70.82,1
1576,16,4,18.82,0
1577,22,2,21.45,1
1578,25,1,15.55,0
1579,84,2,99.65,0
1580,85,5,44.84,0
1581,6,5,91.52,0
1582,13,5,36.42,0
1583,78,8,77.79,0
1584,6,6,29.72,1
1585,8,3,54.85,0
1586,47,3,84.22,0
1587,71,5,83.47,1
1588,58,3,81.49,1
1589,86,2,84.14,0
1590,92,6,29.03,1
1591,81,6,53.4,1
1592,94,6,53.64,1
1593,93,6,90.15,1
1594,38,7,36.72,0
1595,98,2,93.83,0
1596,17,7,50.57,0
1597,58,4,70.28,1
1598,16,5,34.2,1
1599,13,5,46.93,1
1600,30,5,73.88,0
1601,23,4,56.15,0
1602,98,4,93.76,1
1603,59,3,76.34,0
1604,44,3,60.8,0
1605,97,7,89.8,1
1606,2,5,69.9,0
1607,36,4,68.26,1
1608,42,9,32.17,0
1609,39,5,45.54,0
1610,89,5,71.5,1
1611,54,6,90.26,1
1612,86,6,38.4,1
1613,38,6,29.39,1
1614,14,4,63.43,0
1615,3,3,16.05,1
1616,92,4,74.31,1
1617,85,5,73.28,1
1618,24,2,41.95,1
1619,12,6,90.34,1
1620,81,0,55.2,1
1621,32,9,68.12,1
1622,15,3,28.86,0
1623,41,10,47.56,1
1624,65,4,87.62,0
1625,54,4,29.16,1
1626,98,7,45.15,1
1627,41,5,38.63,1
1628,33,4,23.6,1
1629,29,10,36.07,0
1630,12,5,30.95,1
1631,12,7,93.12,0
1632,17,3,76.7,1
1633,31,4,38.45,0
1634,95,3,78.7,1
1635,98,2,11.99,1
1636,38,3,57.39,0
1637,45,6,32.53,1
1638,28,7,20.29,1
1639,61,5,89.54,0
1640,92,3,27.94,0
1641,61,3,84.02,1
1642,56,7,47.19,0
1643,15,3,11.29,0
1644,55,4,75.93,1
1645,9,7,63.67,1
1646,29,4,40.98,1
1647,24,2,35.34,1
1648,83,3,16.63,1
1649,4,2,94.73,1
1650,64,8,54.46,0
1651,93,6,17.7,1
1652,48,12,88.18,0
1653,2,4,35.09,1
1654,44,3,28.32,0
1655,13,1,35.28,0
1656,29,6,60.81,1
1657,67,2,16.67,0
1658,17,4,53.36,0
1659,61,4,90.62,0
1660,36,5,26.94,1
1661,24,4,39.81,0
1662,47,5,45.65,1
1663,64,7,62.76,1
1664,52,6,92.73,1
1665,78,4,45.51,1
1666,72,5,16.22,1
1667,14,3,41.32,0
1668,48,1,27.11,1
1669,87,4,68.66,0
1670,67,5,12.63,1
1671,11,6,36.27,0
1672,58,4,59.07,1
1673,36,5,34.96,0
1674,60,7,59.59,1
1675,42,5,20.32,1
1676,69,5,94.85,0
1677,38,9,36.18,1
1678,55,3,93.07,0
1679,62,5,39.33,0
1680,45,3,80.37,0
1681,87,5,32.16,1
1682,10,4,70.28,1
1683,61,3,39.13,0
1684,76,7,55.82,0
1685,97,5,70.64,0
1686,24,3,63.0,1
1687,70,3,61.87,0
1688,51,6,15.91,1
1689,3,7,32.42,1
1690,58,7,61.47,0
1691,71,4,11.65,0
1692,19,4,32.56,1
1693,92,1,30.63,1
1694,62,4,32.49,1
1695,53,3,58.2,0
1696,73,2,62.38,1
1697,97,6,91.81,0
1698,56,2,44.74,0
1699,89,6,93.39,0
1700,40,6,68.68,0
1701,2,6,92.14,0
1702,5,6,85.01,0
1703,4,6,71.88,0
1704,4,5,42.05,0
1705,53,7,31.7,0
1706,46,7,30.02,1
1707,86,9,95.7,0
1708,48,5,96.27,1
1709,8,4,75.23,0
1710,98,7,89.54,1
1711,19,5,92.71,0
1712,60,5,56.04,1
1713,34,4,66.62,0
1714,49,9,47.69,1
1715,81,5,47.66,0
1716,61,6,13.46,0
1717,16,0,49.04,1
1718,87,6,70.61,1
1719,2,8,47.98,0
1720,31,4,88.52,0
1721,98,6,39.93,0
1722,12,3,21.94,0
1723,88,3,83.04,0
1724,72,7,70.66,0
1725,67,4,31.76,1
1726,13,2,58.28,1
1727,97,1,46.17,1
1728,10,7,94.5,0
1729,55,2,64.66,0
1730,66,5,24.26,1
1731,91,6,55.19,0
1732,28,7,87.63,0
1733,8,5,70.43,0
1734,66,5,85.82,1
1735,24,8,32.54,1
1736,97,5,89.95,1
1737,75,6,78.01,0
1738,41,3,75.6,0
1739,8,9,41.19,0
1740,78,5,89.89,0
1741,39,5,67.42,1
1742,24,7,86.67,0
1743,4,4,42.49,0
1744,10,6,23.11,0
1745,58,4,39.91,0
1746,97,5,50.97,1
1747,87,6,58.01,1
1748,78,2,55.97,1
1749,37,9,59.14,0
1750,71,2,85.75,0
1751,4,5,25.31,0
1752,47,5,38.44,0
1753,89,2,89.97,1
1754,17,5,60.44,0
1755,69,10,62.51,0
1756,36,2,53.03,1
1757,59,4,59.41,0
1758,47,6,27.83,0
1759,76,7,59.22,0
1760,27,7,99.75,1
1761,68,3,60.94,0
1762,76,6,14.0,0
1763,80,9,81.68,0
1764,39,6,45.68,0
1765,44,8,23.83,0
1766,95,7,87.63,1
1767,61,4,27.82,0
1768,92,3,92.87,1
1769,57,10,49.76,0
1770,66,4,76.85,0
1771,55,3,59.23,1
1772,39,10,33.1,0
1773,97,12,70.4,1
1774,39,2,96.21,0
1775,90,3,79.27,0
1776,76,2,64.36,1
1777,32,8,99.16,0
1778,5,3,33.88,1
1779,87,7,15.61,1
1780,18,5,12.89,1
1781,79,6,73.96,1
1782,39,2,84.72,0
1783,91,4,67.16,0
1784,96,9,91.45,1
1785,58,7,72.82,0
1786,58,4,43.39,0
1787,47,3,26.31,0
1788,40,1,93.22,0
1789,12,5,19.32,0
1790,44,2,58.87,0
1791,88,7,38.26,0
1792,52,6,34.43,1
1793,41,4,68.13,1
1794,99,6,30.81,1
1795,62,4,92.47,0
1796,26,4,46.54,1
1797,37,5,70.96,0
1798,59,4,75.5,1
1799,6,6,71.46,1
1800,4,9,91.31,0
1801,44,4,30.8,0
1802,57,3,17.74,1
1803,30,6,14.99,1
1804,22,5,89.01,1
1805,41,6,97.6,0
1806,9,2,37.23,0
1807,31,3,72.42,0
1808,52,1,10.8,0
1809,29,5,26.98,0
1810,38,7,72.03,1
1811,30,3,15.93,0
1812,81,3,52.17,1
1813,99,8,69.63,0
1814,1,3,78.94,0
1815,77,1,50.84,0
1816,76,5,66.73,0
1817,92,12,58.56,1
1818,11,4,14.71,0
1819,38,6,76.85,0
1820,65,3,25.51,1
1821,95,6,12.86,1
1822,12,8,50.61,0
1823,45,7,87.91,1
1824,26,5,23.57,0
1825,16,3,11.16,0
1826,94,5,19.9,1
1827,97,11,42.73,0
1828,59,3,62.22,0
1829,63,16,27.37,1
1830,87,5,82.18,0
1831,34,0,77.8,1
1832,69,5,72.63,1
1833,82,5,53.87,1
1834,29,3,42.87,0
1835,70,1,43.8,1
1836,73,4,55.28,1
1837,95,5,16.96,1
1838,97,2,71.41,0
1839,62,4,41.64,0
1840,27,7,30.23,1
1841,59,4,35.05,1
1842,78,6,26.23,0
1843,93,6,91.14,1
1844,36,7,25.21,0
1845,92,8,89.46,0
1846,21,4,61.5,0
1847,67,6,88.07,1
1848,19,5,52.67,0
1849,95,6,93.49,1
1850,99,4,29.03,0
1851,67,2,59.92,0
1852,90,2,21.33,1
1853,63,10,50.25,0
1854,16,2,61.29,1
1855,11,4,64.51,0
1856,21,8,42.9,1
1857,16,3,16.87,0
1858,9,12,68.98,0
1859,64,2,53.96,1
1860,21,3,22.32,1
1861,89,7,94.23,0
1862,81,3,96.01,1
1863,49,6,87.09,0
1864,13,4,85.95,0
1865,63,4,18.88,1
1866,46,0,99.41,0
1867,28,9,46.03,0
1868,75,5,24.68,1
1869,35,1,83.09,0
1870,98,5,30.32,1
1871,51,3,57.36,0
1872,75,3,21.52,1
1873,6,7,52.72,0
1874,28,9,60.23,0
1875,10,5,50.13,0
1876,32,5,16.25,0
1877,5,4,53.64,0
1878,78,2,52.2,1
1879,31,6,33.55,0
1880,50,8,92.94,1
1881,74,6,47.6,1
1882,57,4,87.77,0
1883,86,7,19.87,1
1884,25,7,38.7,0
1885,97,5,25.87,1
1886,45,6,46.76,1
1887,97,5,20.05,1
1888,28,5,49.69,1
1889,3,8,41.85,0
1890,80,7,30.1,0
1891,98,4,67.8,0
1892,12,3,95.58,0
1893,38,6,28.64,0
1894,14,4,74.06,0
1895,28,8,76.81,1
1896,28,4,54.83,0
1897,74,4,90.79,0
1898,31,12,96.98,0
1899,1,3,42.6,0
1900,46,4,68.59,1
1901,77,4,69.6,0
1902,83,4,46.33,1
1903,21,3,38.51,0
1904,74,3,94.04,0
1905,26,6,81.1,1
1906,66,6,20.3,0
1907,80,5,20.79,1
1908,55,6,93.03,0
1909,91,4,17.33,0
1910,92,6,71.96,1
1911,20,5,30.41,0
1912,46,4,13.17,1
1913,79,3,15.37,1
1914,58,3,43.62,1
1915,83,5,16.98,0
1916,5,2,63.7,0
1917,18,3,68.25,0
1918,56,3,43.61,1
1919,68,3,76.86,1
1920,2,8,54.1,0
1921,0,3,48.72,0
1922,57,4,46.63,0
1923,37,9,48.8,1
1924,14,5,97.11,0
1925,33,5,71.33,0
1926,60,4,38.37,1
1927,34,4,76.05,0
1928,63,1,39.72,0
1929,24,2,21.31,1
1930,23,7,52.78,0
1931,11,4,77.59,0
1932,17,5,43.99,0
1933,14,6,88.23,0
1934,79,6,44.83,0
1935,26,6,41.49,0
1936,71,5,99.84,0
1937,59,7,53.42,1
1938,45,7,82.47,0
1939,88,5,82.45,0
1940,16,3,93.37,0
1941,92,10,17.64,0
1942,52,3,34.41,0
1943,7,8,79.1,0
1944,78,4,60.63,1
1945,26,3,60.37,0
1946,45,7,24.96,0
1947,49,5,35.3,1
1948,70,7,56.92,0
1949,2,10,34.95,0
1950,92,2,28.93,0
1951,63,6,17.9,1
1952,43,3,24.02,1
1953,52,6,79.2,0
1954,23,5,74.69,0
1955,59,3,14.13,1
1956,2,6,28.3,0
1957,19,4,60.44,0
1958,45,6,39.04,0
1959,14,3,84.09,0
1960,24,3,80.65,0
1961,93,5,90.24,0
1962,77,7,60.66,0
1963,70,4,41.69,1
1964,16,9,64.55,1
1965,83,3,18.02,0
1966,99,8,10.86,1
1967,8,4,11.54,0
1968,37,5,46.68,0
1969,47,8,30.53,1
1970,59,5,24.16,0
1971,62,5,65.38,0
1972,85,4,99.56,1
1973,1,5,26.0,1
1974,87,6,59.18,1
1975,71,5,20.78,1
1976,10,6,94.08,0
1977,63,7,36.26,0
1978,76,4,89.05,0
1979,80,6,35.48,0
1980,71,3,82.54,0
1981,20,4,28.84,0
1982,17,7,36.35,1
1983,93,6,27.32,1
1984,63,2,33.78,1
1985,81,7,85.14,0
1986,94,8,67.51,0
1987,37,3,46.53,0
1988,31,7,97.44,1
1989,10,6,51.84,0
1990,44,9,97.28,0
1991,88,5,27.69,1
1992,32,6,91.42,1
1993,40,4,11.24,0
1994,7,4,59.08,1
1995,10,6,48.07,0
1996,85,4,57.26,0
1997,50,5,59.81,1
1998,87,2,45.01,0
1999,40,4,99.84,0
2000,16,5,97.89,0
